route,dir,km,status
N-55,SB,1222,Good
N-55,SB,1221,Fair
N-55,SB,1220,Fair
N-55,SB,1219,Fair
N-55,SB,1218,Fair
N-55,SB,1217,Good
N-55,SB,1216,Good
N-55,SB,1215,Good
N-55,SB,1214,Fair
N-55,SB,1213,Good
N-55,SB,1212,Good
N-55,SB,1211,Poor
N-55,SB,1210,Fair
N-55,SB,1209,Fair
N-55,SB,1208,Fair
N-55,SB,1207,Fair
N-55,SB,1206,Poor
N-55,SB,1205,Fair
N-55,SB,1204,Good
N-55,SB,1203,Fair
N-55,SB,1202,Good
N-55,SB,1201,Fair
N-55,SB,1200,Fair
N-55,SB,1199,Fair
N-55,SB,1198,Good
N-55,SB,1197,Good
N-55,SB,1196,Fair
N-55,SB,1195,Fair
N-55,SB,1194,Fair
N-55,SB,1193,Under Construction
N-55,SB,1192,Under Construction
N-55,SB,1191,Under Construction
N-55,SB,1190,Under Construction
N-55,SB,1189,Under Construction
N-55,SB,1188,Good
N-55,SB,1038,Poor
N-55,SB,1037,Poor
N-55,SB,1036,Poor
N-55,SB,1035,Poor
N-55,SB,1034,Fair
N-55,SB,1033,Poor
N-55,SB,1032,Poor
N-55,SB,1031,Poor
N-55,SB,1030,Poor
N-55,SB,1029,Poor
N-55,SB,1028,Fair
N-55,SB,1027,Poor
N-55,SB,1026,Poor
N-55,SB,1025,Poor
N-55,SB,1024,Good
N-55,SB,1023,Fair
N-55,SB,1022,Fair
N-55,SB,1021,Fair
N-55,SB,1020,Fair
N-55,SB,1019,Very Poor
N-55,SB,1018,Very Poor
N-55,SB,1017,Fair
N-55,SB,1016,Fair
N-55,SB,1015,Fair
N-55,SB,1014,Fair
N-55,SB,1013,Good
N-55,SB,1012,Good
N-55,SB,1011,Good
N-55,SB,1010,Good
N-55,SB,1009,Fair
N-55,SB,1008,Fair
N-55,SB,1007,Fair
N-55,SB,1006,Good
N-55,SB,1005,Good
N-55,SB,1004,Good
N-55,SB,1003,Fair
N-55,SB,1002,Fair
N-55,SB,1001,Poor
N-55,SB,1000,Fair
N-55,SB,999,Poor
N-55,SB,998,Poor
N-55,SB,997,Poor
N-55,SB,996,Fair
N-55,SB,995,Fair
N-55,SB,994,Good
N-55,SB,993,Fair
N-55,SB,992,Fair
N-55,SB,991,Under Construction
N-55,SB,990,Poor
N-55,SB,989,Poor
N-55,SB,988,Fair
N-55,SB,987,Fair
N-55,SB,986,Good
N-55,SB,985,Fair
N-55,SB,984,Fair
N-55,SB,983,Fair
N-55,SB,982,Good
N-55,SB,981,Fair
N-55,SB,980,Good
N-55,SB,979,Good
N-55,SB,978,Fair
N-55,SB,977,Fair
N-55,SB,976,Poor
N-55,SB,975,Poor
N-55,SB,974,Poor
N-55,SB,973,Poor
N-55,SB,972,Poor
N-55,SB,971,Poor
N-55,SB,970,Fair
N-55,SB,969,Poor
N-55,SB,968,Poor
N-55,SB,967,Fair
N-55,SB,966,Fair
N-55,SB,965,Good
N-55,SB,964,Good
N-55,SB,963,Good
N-55,SB,962,Good
N-55,SB,961,Good
N-55,SB,960,Fair
N-55,SB,959,Fair
N-55,SB,958,Fair
N-55,SB,957,Fair
N-55,SB,956,Fair
N-55,SB,955,Fair
N-55,SB,954,Fair
N-55,SB,953,Fair
N-55,SB,952,Fair
N-55,SB,951,Good
N-55,SB,950,Fair
N-55,SB,949,Fair
N-55,SB,948,Poor
N-55,SB,947,Poor
N-55,SB,946,Poor
N-55,SB,945,Poor
N-55,SB,944,Fair
N-55,SB,943,Poor
N-55,SB,942,Under Construction
N-55,SB,941,Good
N-55,SB,940,Good
N-55,SB,939,Good
N-55,SB,938,Good
N-55,SB,937,Good
N-55,SB,936,Good
N-55,SB,935,Good
N-55,SB,934,Good
N-55,SB,933,Good
N-55,SB,932,Good
N-55,SB,931,Good
N-55,SB,930,Good
N-55,SB,929,Good
N-55,SB,928,Good
N-55,SB,927,Good
N-55,SB,926,Good
N-55,SB,925,Good
N-55,SB,924,Good
N-55,SB,799,Fair
N-55,SB,798,Fair
N-55,SB,797,Fair
N-55,SB,796,Good
N-55,SB,323,Good
N-55,SB,322,Fair
N-55,SB,321,Fair
N-55,SB,320,Good
N-55,SB,319,Good
N-55,SB,318,Good
N-55,SB,317,Good
N-55,SB,316,Good
N-55,SB,315,Good
N-55,SB,314,Good
N-55,SB,313,Good
N-55,SB,312,Fair
N-55,SB,311,Good
N-55,SB,310,Good
N-55,SB,309,Fair
N-55,SB,308,Good
N-55,SB,307,Good
N-55,SB,306,Good
N-55,SB,305,Good
N-55,SB,304,Good
N-55,SB,303,Good
N-55,SB,302,Good
N-55,SB,301,Good
N-55,SB,300,Good
N-55,SB,299,Fair
N-55,SB,298,Good
N-55,SB,297,Good
N-55,SB,296,Good
N-55,SB,295,Good
N-55,SB,294,Fair
N-55,SB,293,Good
N-55,SB,292,Fair
N-55,SB,291,Fair
N-55,SB,290,Good
N-55,SB,289,Good
N-55,SB,288,Good
N-55,SB,287,Good
N-55,SB,286,Fair
N-55,SB,285,Good
N-55,SB,284,Good
N-55,SB,283,Good
N-55,SB,282,Good
N-55,SB,281,Poor
N-55,SB,280,Fair
N-55,SB,279,Fair
N-55,SB,278,Fair
N-55,SB,277,Poor
N-55,SB,276,Poor
N-55,SB,275,Poor
N-55,SB,274,Fair
N-55,SB,273,Under Construction
N-55,SB,272,Good
N-55,SB,271,Good
N-55,SB,270,Fair
N-55,SB,269,Fair
N-55,SB,268,Fair
N-55,SB,267,Fair
N-55,SB,266,Fair
N-55,SB,265,Poor
N-55,SB,264,Poor
N-55,SB,263,Poor
N-55,SB,262,Poor
N-55,SB,261,Poor
N-55,SB,260,Poor
N-55,SB,259,Poor
N-55,SB,258,Poor
N-55,SB,257,Fair
N-55,SB,256,Poor
N-55,SB,255,Poor
N-55,SB,254,Fair
N-55,SB,253,Fair
N-55,SB,252,Fair
N-55,SB,251,Fair
N-55,SB,250,Fair
N-55,SB,249,Fair
N-55,SB,248,Fair
N-55,SB,247,Fair
N-55,SB,246,Fair
N-55,SB,245,Good
N-55,SB,244,Good
N-55,SB,243,Fair
N-55,SB,242,Fair
N-55,SB,241,Fair
N-55,SB,240,Fair
N-55,SB,239,Good
N-55,SB,238,Good
N-55,SB,237,Good
N-55,SB,236,Good
N-55,SB,235,Good
N-55,SB,234,Good
N-55,SB,233,Good
N-55,SB,232,Good
N-55,SB,231,Good
N-55,SB,230,Under Construction
N-55,SB,229,Under Construction
N-55,SB,228,Under Construction
N-55,SB,227,Under Construction
N-55,SB,226,Under Construction
N-55,SB,225,Under Construction
N-55,SB,224,Under Construction
N-55,SB,223,Under Construction
N-55,SB,222,Under Construction
N-55,SB,221,Under Construction
N-55,SB,220,Under Construction
N-55,SB,219,Under Construction
N-55,SB,218,Good
N-55,SB,217,Good
N-55,SB,216,Good
N-55,SB,215,Fair
N-55,SB,214,Fair
N-55,SB,213,Good
N-55,SB,212,Good
N-55,SB,211,Good
N-55,SB,210,Fair
N-55,SB,209,Good
N-55,SB,208,Fair
N-55,SB,207,Fair
N-55,SB,206,Fair
N-55,SB,205,Good
N-55,SB,204,Fair
N-55,SB,203,Good
N-55,SB,202,Good
N-55,SB,201,Good
N-55,SB,200,Good
N-55,SB,199,Fair
N-55,SB,198,Fair
N-55,SB,197,Fair
N-55,SB,196,Fair
N-55,SB,195,Good
N-55,SB,194,Good
N-55,SB,193,Good
N-55,SB,192,Fair
N-55,SB,191,Fair
N-55,SB,190,Fair
N-55,SB,189,Fair
N-55,SB,188,Fair
N-55,SB,187,Good
N-55,SB,186,Fair
N-55,SB,185,Fair
N-55,SB,184,Good
N-55,SB,183,Good
N-55,SB,182,Good
N-55,SB,181,Good
N-55,SB,180,Good
N-55,SB,179,Good
N-55,SB,178,Good
N-55,SB,177,Good
N-55,SB,176,Good
N-55,SB,175,Fair
N-55,SB,174,Good
N-55,SB,173,Good
N-55,SB,172,Good
N-55,SB,171,Good
N-55,SB,170,Good
N-55,SB,169,Good
N-55,SB,168,Fair
N-55,SB,167,Fair
N-55,SB,166,Good
N-55,SB,165,Fair
N-55,SB,164,Good
N-55,SB,163,Good
N-55,SB,162,Good
N-55,SB,161,Fair
N-55,SB,160,Fair
N-55,SB,159,Fair
N-55,SB,158,Under Construction
N-55,SB,157,Under Construction
N-55,SB,156,Under Construction
N-55,SB,155,Under Construction
N-55,SB,154,Under Construction
N-55,SB,153,Under Construction
N-55,SB,152,Under Construction
N-55,SB,151,Under Construction
N-55,SB,150,Under Construction
N-55,SB,149,Under Construction
N-55,SB,148,Under Construction
N-55,SB,147,Under Construction
N-55,SB,146,Under Construction
N-55,SB,145,Good
N-55,SB,144,Good
N-55,SB,143,Fair
N-55,SB,142,Fair
N-55,SB,141,Fair
N-55,SB,140,Good
N-55,SB,139,Fair
N-55,SB,138,Fair
N-55,SB,137,Fair
N-55,SB,136,Fair
N-55,SB,135,Good
N-55,SB,134,Good
N-55,SB,133,Good
N-55,SB,132,Good
N-55,SB,131,Good
N-55,SB,130,Good
N-55,SB,129,Good
N-55,SB,128,Good
N-55,SB,127,Good
N-55,SB,126,Good
N-55,SB,125,Good
N-55,SB,124,Good
N-55,SB,123,Good
N-55,SB,122,Good
N-55,SB,121,Good
N-55,SB,120,Good
N-55,SB,119,Fair
N-55,SB,118,Fair
N-55,SB,117,Good
N-55,SB,116,Good
N-55,SB,115,Good
N-55,SB,114,Good
N-55,SB,113,Good
N-55,SB,112,Good
N-55,SB,111,Good
N-55,SB,110,Good
N-55,SB,109,Good
N-55,SB,108,Good
N-55,SB,107,Fair
N-55,SB,106,Good
N-55,SB,105,Good
N-55,SB,104,Good
N-55,SB,103,Fair
N-55,SB,102,Fair
N-55,SB,101,Good
N-55,SB,100,Fair
N-55,SB,99,Fair
N-55,SB,98,Fair
N-55,SB,97,Good
N-55,SB,96,Good
N-55,SB,95,Good
N-55,SB,94,Good
N-55,SB,93,Good
N-55,SB,92,Good
N-55,SB,91,Fair
N-55,SB,90,Good
N-55,SB,89,Good
N-55,SB,88,Good
N-55,SB,87,Fair
N-55,SB,86,Good
N-55,SB,85,Good
N-55,SB,84,Good
N-55,SB,83,Fair
N-55,SB,82,Good
N-55,SB,81,Good
N-55,SB,80,Good
N-55,SB,79,Good
N-55,SB,78,Good
N-55,SB,77,Fair
N-55,SB,76,Good
N-55,SB,75,Good
N-55,SB,74,Good
N-55,SB,73,Good
N-55,SB,72,Good
N-55,SB,71,Good
N-55,SB,70,Under Construction
N-55,SB,69,Under Construction
N-55,SB,68,Under Construction
N-55,SB,67,Under Construction
N-55,SB,66,Under Construction
N-55,SB,65,Under Construction
N-55,SB,64,Under Construction
N-55,SB,63,Under Construction
N-55,SB,62,Under Construction
N-55,SB,61,Under Construction
N-55,SB,60,Under Construction
N-55,SB,59,Under Construction
N-55,SB,58,Under Construction
N-55,SB,57,Under Construction
N-55,SB,56,Under Construction
N-55,SB,55,Under Construction
N-55,SB,54,Under Construction
N-55,SB,53,Under Construction
N-55,SB,52,Under Construction
N-55,SB,51,Under Construction
N-55,SB,50,Under Construction
N-55,SB,49,Under Construction
N-55,SB,48,Under Construction
N-55,SB,47,Under Construction
N-55,SB,46,Under Construction
N-55,SB,45,Under Construction
N-55,SB,44,Fair
N-55,SB,43,Good
N-55,SB,42,Good
N-55,SB,41,Good
N-55,SB,40,Good
N-55,SB,39,Good
N-55,SB,38,Good
N-55,SB,37,Fair
N-55,SB,36,Good
N-55,SB,35,Good
N-55,SB,34,Fair
N-55,SB,33,Good
N-55,SB,32,Good
N-55,SB,31,Fair
N-55,SB,30,Fair
N-55,SB,29,Fair
N-55,SB,28,Fair
N-55,SB,27,Fair
N-55,SB,26,Fair
N-55,SB,25,Fair
N-55,SB,24,Fair
N-55,SB,23,Fair
N-55,SB,22,Fair
N-55,SB,21,Fair
N-55,SB,20,Poor
N-55,SB,19,Fair
N-55,SB,18,Good
N-55,SB,17,Fair
N-55,SB,16,Poor
N-55,SB,15,Good
N-55,SB,14,Fair
N-55,SB,13,Good
N-55,SB,12,Fair
N-55,SB,11,Fair
N-55,SB,10,Fair
N-55,SB,9,Fair
N-55,SB,8,Poor
N-55,SB,7,Fair
N-55,SB,6,Fair
N-55,SB,5,Fair
N-55,SB,4,Good
N-55,SB,3,Good
N-55,SB,2,Fair
N-55,SB,1,Fair
